CountryName,CountryCode,CapitalCity,LatitudeofCapital,LongitudeofCapital,GDP-percapita(PPP),Industrialproductiongrowthrate,Electricity-production,Electricity-consumption,Electricity-imports,Electricity-installedgeneratingcapacity,Electricity-fromfossilfuels,Electricity-fromnuclearfuels,Electricity-fromhydroelectricplants,Electricity-fromotherrenewablesources,Crudeoil-production,Crudeoil-exports,Crudeoil-imports,Crudeoil-provedreserves,Refinedpetroleumproducts-production,Refinedpetroleumproducts-consumption,Refinedpetroleumproducts-exports,Refinedpetroleumproducts-imports,Naturalgas-production,Naturalgas-consumption,Naturalgas-exports,Naturalgas-imports,Naturalgas-provedreserves,Carbondioxideemissionsfromconsumptionofenergy,Population,Populationgrowthrate
Afghanistan,AF,Kabul,34 31 N,69 11 E,"$2,000",-1.9,"1,211,000,000","5,526,000,000","4,400,000,000","634,100.00",45,0,52,4,0,0,0,0,0,"35,000",0,"34,210","164,200,000","164,200,000",0,0,"49,550,000,000","9,067,000.00","34,940,837",2.37
Albania,AL,Tirana,41 19 N,19 49 E,"$12,500",6.8,"7,138,000,000","5,110,000,000","1,827,000,000","2,109,000.00",5,0,95,0,"14,000","17,290",0,"168,300,000","5,638","29,000","3,250","26,660","50,970,000","50,970,000",0,0,"821,200,000","4,500,000.00","3,057,220",0.3
Algeria,DZ,Algiers,36 45 N,3 03 E,"$15,200",0.6,"66,890,000,000","55,960,000,000","257,000,000","19,270,000.00",96,0,1,2,"1,259,000","756,400","5,340","12,200,000,000","627,900","405,000","578,800","82,930","93,500,000,000","41,280,000,000","53,880,000,000",0,"4,504,000,000,000","135,900,000.00","41,657,488",1.63
Andorra,AD,Andorra la Vella,42 30 N,1 31 E,"$49,900",unknown,"99,480,000","221,600,000","471,300,000","520,000.00",61,0,23,15,0,0,0,0,0,unknown,unknown,unknown,0,0,0,0,0,unknown,"85,708",-0.01
Angola,AO,Luanda,8 50 S,13 13 E,"$6,800",2.5,"10,200,000,000","9,036,000,000",0,"2,613,000.00",34,0,64,2,"1,593,000","1,782,000",0,"9,523,000,000","53,480","130,000","30,340","111,600","3,115,000,000","821,200,000","3,993,000,000",0,"308,100,000,000","20,950,000.00","30,355,880",3.49
Antigua and Barbuda,AG,Saint John's,17 07 N,61 51 W,"$26,400",6.8,"331,000,000","307,800,000",0,"124,000.00",97,0,0,3,0,0,0,0,0,"5,000",91,"5,065",0,0,0,0,0,"740,300.00","95,882",1.2
Argentina,AR,Buenos Aires,34 35 S,58 40 W,"$20,900",2.7,"131,900,000,000","121,000,000,000","9,851,000,000","38,350,000.00",69,4,24,3,"489,000","36,630","16,740","2,162,000,000","669,800","806,000","58,360","121,400","40,920,000,000","49,040,000,000","76,450,000","9,826,000,000","336,600,000,000","203,700,000.00","44,694,198",0.89
Armenia,AM,Yerevan,40 10 N,44 30 E,"$9,500",5.4,"6,951,000,000","5,291,000,000","275,000,000","4,080,000.00",58,9,32,0,0,0,0,0,0,"8,000",0,"7,145",0,"2,350,000,000",0,"2,350,000,000",0,"5,501,000.00","3,038,217",-0.25
Australia,AU,Canberra,35 16 S,149 08 E,"$50,400",1.4,"243,000,000,000","229,400,000,000",0,"65,560,000.00",72,0,11,17,"284,000","192,500","341,700","1,821,000,000","462,500","1,175,000","64,120","619,600","105,200,000,000","45,250,000,000","67,960,000,000","5,776,000,000","1,989,000,000,000","439,100,000.00","23,470,145",1.01
Austria,AT,Vienna,48 12 N,16 22 E,"$50,000",6.5,"60,780,000,000","64,600,000,000","26,370,000,000","24,790,000.00",25,0,43,31,"13,000",0,"146,600","41,200,000","186,500","268,000","49,960","135,500","1,274,000,000","9,486,000,000","5,437,000,000","14,020,000,000","6,513,000,000","63,930,000.00","8,793,370",0.42
Azerbaijan,AZ,Baku,40 23 N,49 52 E,"$17,500",-3.8,"23,570,000,000","20,240,000,000","114,000,000","7,876,000.00",84,0,14,2,"798,000","718,800",0,"7,000,000,000","138,900","100,000","46,480","5,576","16,960,000,000","10,340,000,000","8,042,000,000","2,095,000,000","991,100,000,000","35,600,000.00","10,046,516",0.83
"Bahamas, The",BS,Nassau,25 05 N,77 21 W,"$32,400",5.8,"1,778,000,000","1,654,000,000",0,"577,000.00",100,0,0,0,0,0,0,0,0,"20,040",0,"19,150",0,"48,020",0,"48,020",0,"3,089,000.00","332,634",0.79
Bahrain,BH,Manama,26 14 N,50 34 E,"$49,000",0.6,"26,810,000,000","26,110,000,000","276,000,000","3,928,000.00",100,0,0,0,"40,000",0,"226,200","124,600,000","274,500","61,000","245,300","14,530","15,890,000,000","15,890,000,000",0,0,"92,030,000,000","37,980,000.00","1,442,659",2.19
Bangladesh,BD,Dhaka,23 43 N,90 24 E,"$4,200",10.2,"60,510,000,000","53,650,000,000",0,"11,900,000.00",97,0,2,2,"3,000",0,"21,860","28,000,000","26,280","106,000",901,"81,570","29,530,000,000","29,530,000,000",0,0,"185,800,000,000","79,970,000.00","159,453,001",1.02
Barbados,BB,Bridgetown,13 06 N,59 37 W,"$18,600",2.4,"1,010,000,000","990,000,000",0,"269,000.00",93,0,0,7,"1,000",674,0,"2,534,000",0,"11,000",0,"10,630","14,160,000","19,820,000",0,"5,653,000","141,600,000","1,760,000.00","293,131",0.26
Belarus,BY,Minsk,53 54 N,27 34 E,"$18,900",5.6,"31,580,000,000","31,720,000,000","6,319,000,000","10,040,000.00",96,0,1,3,"31,000","31,730","468,400","198,000,000","477,200","141,000","351,200","14,630","59,460,000","17,700,000,000",0,"17,530,000,000","2,832,000,000","56,070,000.00","9,527,543",-0.24
Belgium,BE,Brussels,50 50 N,4 20 E,"$46,600",0.2,"79,830,000,000","82,160,000,000","14,650,000,000","21,560,000.00",35,28,1,36,0,0,"687,600",0,"731,700","648,600","680,800","601,400",0,"17,610,000,000","736,200,000","18,090,000,000",0,"134,700,000.00","11,570,762",0.67
Belize,BZ,Belmopan,17 15 N,88 46 W,"$8,300",-0.6,"280,000,000","453,000,000","243,000,000","198,000.00",51,0,27,22,"2,000","1,220",0,"6,700,000",36,"4,000",0,"4,161",0,0,0,0,0,"556,700.00","385,854",1.8
Benin,BJ,Porto-Novo,6 29 N,2 37 E,"$2,300",3,"335,000,000","1,143,000,000","1,088,000,000","321,000.00",88,0,9,2,0,0,0,"8,000,000",0,"38,000","1,514","38,040",0,0,0,0,"1,133,000,000","5,664,000.00","11,340,504",2.68
Bhutan,BT,Thimphu,27 28 N,89 38 E,"$9,000",6.3,"7,883,000,000","2,184,000,000","84,000,000","1,632,000.00",1,0,99,0,0,0,0,0,0,"3,000",0,"3,120",0,0,0,0,0,"604,900.00","766,397",1.05
Bolivia,BO,La Paz,16 30 S,68 09 W,"$7,600",2.2,"8,951,000,000","7,785,000,000",0,"2,764,000.00",76,0,18,7,"60,000","1,274",0,"211,500,000","65,960","83,000","9,686","20,620","18,690,000,000","3,171,000,000","15,460,000,000",0,"295,900,000,000","17,660,000.00","11,306,341",1.48
Bosnia and Herz.,BA,Sarajevo,43 52 N,18 25 E,"$12,800",3,"16,990,000,000","11,870,000,000","3,084,000,000","4,676,000.00",49,0,51,1,0,0,"18,480",0,0,"32,000","4,603","18,280",0,"226,500,000",0,"226,500,000",0,"22,070,000.00","3,849,891",-0.17
Botswana,BW,Gaborone,24 38 S,25 54 E,"$17,000",-4.2,"2,527,000,000","3,636,000,000","1,673,000,000","735,000.00",100,0,0,0,0,0,0,0,0,"21,000",0,"21,090",0,0,0,0,0,"6,235,000.00","2,249,104",1.52
Brazil,BR,Brasilia,15 47 S,47 55 W,"$15,600",0,"567,900,000,000","509,100,000,000","41,310,000,000","150,800,000.00",17,1,64,18,"2,587,000","736,600","297,700","12,630,000,000","2,811,000","2,956,000","279,000","490,400","23,960,000,000","34,350,000,000","134,500,000","10,510,000,000","377,400,000,000","513,800,000.00","208,846,892",0.71
Brunei,BN,Bandar Seri Begawan,4 53 N,114 56 E,"$78,900",1.5,"4,014,000,000","3,771,000,000",0,"821,000.00",100,0,0,0,"100,000","127,400",160,"1,100,000,000","10,310","18,000",0,"6,948","12,740,000,000","3,936,000,000","8,268,000,000",0,"260,500,000,000","10,040,000.00","450,565",1.55
Bulgaria,BG,Sofia,42 41 N,23 19 E,"$21,800",3.6,"42,290,000,000","32,340,000,000","4,568,000,000","10,750,000.00",39,20,23,19,"1,000",0,"133,900","15,000,000","144,300","97,000","92,720","49,260","79,280,000","3,313,000,000","31,150,000","3,256,000,000","5,663,000,000","46,310,000.00","7,057,504",-0.63
Burkina Faso,BF,Ouagadougou,12 22 N,1 31 W,"$1,900",10.4,"990,000,000","1,551,000,000","630,000,000","342,400.00",80,0,9,12,0,0,0,0,0,"23,000",0,"23,580",0,0,0,0,0,"3,421,000.00","19,742,715",2.76
Burundi,BI,Bujumbura,3 22 S,29 21 E,$700,-2,"304,000,000","382,700,000","100,000,000","68,000.00",14,0,73,14,0,0,0,0,0,"1,500",0,"1,374",0,0,0,0,0,"217,000.00","11,844,520",3.23
Cabo Verde,CV,Praia,14 55 N,23 31 W,"$7,000",2.9,"395,000,000","367,400,000",0,"162,500.00",79,0,0,21,0,0,0,0,0,"5,600",0,"5,607",0,0,0,0,0,"867,800.00","568,373",1.32
Cambodia,KH,Phnom Penh,11 33 N,104 55 E,"$4,000",10.6,"5,210,000,000","5,857,000,000","1,583,000,000","1,697,000.00",35,0,63,2,0,0,0,0,0,"45,000",0,"43,030",0,0,0,0,0,"10,550,000.00","16,449,519",1.48
Cameroon,CM,Yaounde,3 52 N,11 31 E,"$3,700",3.3,"8,108,000,000","6,411,000,000","55,000,000","1,558,000.00",52,0,47,1,"69,000","96,370","36,480","200,000,000","39,080","45,000","8,545","14,090","910,400,000","906,100,000",0,0,"135,100,000,000","7,672,000.00","25,640,965",2.54
Canada,CA,Ottawa,45 25 N,75 42 W,"$48,400",4.9,"649,600,000,000","522,200,000,000","2,682,000,000","143,500,000.00",23,9,56,12,"4,264,000","2,818,000","806,700","170,500,000,000","2,009,000","2,445,000","1,115,000","405,700","159,100,000,000","124,400,000,000","83,960,000,000","26,360,000,000","2,056,000,000,000","640,600,000.00","35,881,659",0.72
Central African Rep.,CF,Bangui,4 22 N,18 35 E,$700,3.9,"171,400,000","159,400,000",0,"38,300.00",50,0,50,1,0,0,0,0,0,"2,800",0,"2,799",0,0,0,0,0,"413,800.00","5,745,062",2.11
Chad,TD,N'Djamena,12 06 N,15 02 E,"$2,300",-4,"224,300,000","208,600,000",0,"48,200.00",98,0,0,3,"132,000","70,440",0,"1,500,000,000",0,"2,300",0,"2,285",0,0,0,0,0,"342,200.00","15,833,116",3.23
Chile,CL,Santiago,33 27 S,70 40 W,"$24,600",-0.4,"76,090,000,000","73,220,000,000",0,"24,530,000.00",59,0,26,15,"3,000",0,"169,600","150,000,000","216,200","354,500","7,359","166,400","1,218,000,000","5,125,000,000","277,500,000","4,446,000,000","97,970,000,000","88,230,000.00","17,925,262",0.75
China,CN,Beijing,39 55 N,116 23 E,"$18,200",6.1,"5,883,000,000,000","5,564,000,000,000","6,185,000,000","1,653,000,000.00",62,2,18,18,"3,773,000","57,310","6,710,000","25,630,000,000","11,510,000","12,470,000","848,400","1,160,000","145,900,000,000","238,600,000,000","3,370,000,000","97,630,000,000","5,440,000,000,000","11,670,000,000.00","1,384,688,986",0.37
Colombia,CO,Bogota,4 36 N,74 05 W,"$14,400",-2.2,"74,920,000,000","68,250,000,000","378,000,000","16,890,000.00",29,0,69,2,"863,000","726,700",0,"1,665,000,000","303,600","333,000","56,900","57,170","10,020,000,000","10,080,000,000",0,"48,140,000","113,900,000,000","95,590,000.00","48,168,996",0.97
Comoros,KM,Moroni,11 42 S,43 14 E,"$1,600",1,"42,000,000","39,060,000",0,"27,000.00",96,0,4,0,0,0,0,0,0,"1,300",0,"1,241",0,0,0,0,0,"193,600.00","821,164",1.57
Dem.  Rep.  Congo,CD,Kinshasa,4 19 S,15 18 E,$800,1.6,"9,046,000,000","7,430,000,000","20,000,000","2,587,000.00",2,0,98,0,"17,000","20,000",0,"180,000,000",0,"21,000",0,"21,140",0,0,0,0,"991,100,000","3,146,000.00","85,281,024",2.33
Congo,CG,Brazzaville,4 15 S,15 17 E,"$6,800",-3,"1,696,000,000","912,000,000","18,000,000","591,500.00",64,0,36,0,"340,000","254,100",0,"1,600,000,000","15,760","17,000","5,766","7,162","1,387,000,000","1,387,000,000",0,0,"90,610,000,000","5,239,000.00","5,062,021",2.17
Costa Rica,CR,San Jose,9 56 N,84 05 W,"$16,900",1.3,"10,790,000,000","9,812,000,000","807,000,000","3,584,000.00",18,0,64,18,0,0,0,0,0,"53,000",0,"51,320",0,0,0,0,0,"7,653,000.00","4,987,142",1.13
Cote d'Ivoire,CI,Yamoussoukro,6 49 N,5 16 W,"$3,900",4.2,"9,730,000,000","6,245,000,000","19,000,000","1,914,000.00",60,0,40,0,"52,000","26,700","62,350","100,000,000","69,360","51,000","31,450","7,405","2,322,000,000","2,322,000,000",0,0,"28,320,000,000","11,540,000.00","26,260,582",2.3
Croatia,HR,Zagreb,45 48 N,16 00 E,"$24,700",1.2,"12,200,000,000","15,930,000,000","8,702,000,000","4,921,000.00",45,0,40,16,"14,000",0,"55,400","71,000,000","74,620","73,000","40,530","35,530","1,048,000,000","2,577,000,000","172,700,000","1,841,000,000","24,920,000,000","17,960,000.00","4,270,480",-0.51
Cuba,CU,Havana,23 07 N,82 21 W,"$12,300",-1.2,"19,280,000,000","16,160,000,000",0,"6,998,000.00",91,0,1,8,"50,000",0,"112,400","124,000,000","104,100","175,000","24,190","52,750","1,189,000,000","1,189,000,000",0,0,"70,790,000,000","26,940,000.00","11,116,396",-0.27
Cyprus,CY,Nicosia,35 10 N,33 22 E,"$37,200",13.4,"4,618,000,000","4,355,000,000",0,"1,770,000.00",85,0,0,15,0,0,0,0,0,"49,000",500,"49,240",0,0,0,0,"141,600,000,000","7,720,000.00","1,237,088",1.27
Denmark,DK,Copenhagen,55 40 N,12 35 E,"$50,100",2.5,"29,840,000,000","33,020,000,000","14,980,000,000","14,340,000.00",46,0,0,54,"115,000","82,980","98,240","439,000,000","183,900","158,500","133,700","109,700","4,842,000,000","3,115,000,000","2,237,000,000","509,700,000","12,860,000,000","37,450,000.00","5,809,502",0.59
Djibouti,DJ,Djibouti,11 35 N,43 09 E,"$3,600",2.7,"405,500,000","377,100,000",0,"130,300.00",100,0,0,0,0,0,0,0,0,"6,360",403,"6,692",0,0,0,0,0,"950,200.00","884,017",2.13
Dominica,DM,Roseau,15 18 N,61 24 W,"$11,000",-13,"111,400,000","103,600,000",0,"27,800.00",72,0,25,3,0,0,0,0,0,"1,300",0,"1,237",0,0,0,0,0,"199,600.00","74,027",0.17
Dominican Rep.,DO,Santo Domingo,18 28 N,69 54 W,"$17,000",3.1,"18,030,000,000","15,640,000,000",0,"3,839,000.00",77,0,16,7,0,0,"16,980",0,"16,060","134,000",0,"108,500",0,"1,161,000,000",0,"1,161,000,000",0,"23,790,000.00","10,298,756",0.99
Ecuador,EC,Quito,0 13 S,78 30 W,"$11,500",-0.6,"26,500,000,000","22,680,000,000","82,000,000","8,192,000.00",43,0,54,2,"517,000","383,500",0,"8,273,000,000","137,400","265,000","25,870","153,900","477,800,000","453,100,000",0,0,"10,900,000,000","37,540,000.00","16,498,502",1.25
Egypt,EG,Cairo,30 03 N,31 15 E,"$12,700",3.5,"183,500,000,000","159,700,000,000","54,000,000","45,120,000.00",91,0,6,2,"639,000","246,500","64,760","4,400,000,000","547,500","878,000","47,360","280,200","50,860,000,000","57,710,000,000","212,400,000","7,079,000,000","2,186,000,000,000","232,700,000.00","99,413,317",2.38
El Salvador,SV,San Salvador,13 42 N,89 12 W,"$8,000",3.6,"5,830,000,000","5,928,000,000","1,066,000,000","1,983,000.00",49,0,23,29,0,0,0,0,0,"52,000",347,"49,280",0,0,0,0,0,"7,331,000.00","6,187,271",0.25
Eq. Guinea,GQ,Malabo,3 45 N,8 47 E,"$37,400",-6.9,"500,000,000","465,000,000",0,"331,000.00",61,0,38,2,"172,000","308,700",0,"1,100,000,000",0,"5,200",0,"5,094","6,069,000,000","1,189,000,000","4,878,000,000",0,"36,810,000,000","3,062,000.00","797,457",2.41
Eritrea,ER,Asmara,15 20 N,38 56 E,"$1,600",5.4,"415,900,000","353,900,000",0,"160,700.00",99,0,0,1,0,0,0,0,0,"4,000",0,"3,897",0,0,0,0,0,"597,100.00","5,970,646",0.89
Estonia,EE,Tallinn,59 26 N,24 43 E,"$31,700",9.5,"11,550,000,000","8,795,000,000","3,577,000,000","2,578,000.00",72,0,0,28,0,0,0,0,0,"28,300","27,150","35,520",0,"481,400,000",0,"481,400,000",0,"5,306,000.00","1,244,288",-0.6
Ethiopia,ET,Addis Ababa,9 02 N,38 42 E,"$2,200",10.5,"11,150,000,000","9,062,000,000",0,"2,784,000.00",3,0,86,11,0,0,0,"428,000",0,"74,000",0,"69,970",0,0,0,0,"24,920,000,000","12,180,000.00","108,386,391",2.83
Fiji,FJ,Suva,18 08 S,178 25 E,"$9,800",2.8,"914,000,000","850,000,000",0,"338,000.00",34,0,38,27,0,0,0,0,0,"16,000",0,"17,460",0,0,0,0,0,"2,369,000.00","926,276",0.56
Finland,FI,Helsinki,60 10 N,24 56 E,"$44,500",6.2,"66,540,000,000","82,790,000,000","22,110,000,000","16,270,000.00",41,17,20,23,0,0,"236,700",0,"310,600","217,100","166,200","122,200",0,"2,350,000,000","4,000,000","2,322,000,000",unknown,"46,010,000.00","5,537,364",0.33
France,FR,Paris,48 52 N,2 20 E,"$44,100",2,"529,100,000,000","450,800,000,000","19,900,000,000","130,800,000.00",17,50,15,19,"16,000",0,"1,147,000","65,970,000","1,311,000","1,705,000","440,600","886,800","16,990,000","41,880,000,000","6,031,000,000","48,590,000,000","8,410,000,000","341,200,000.00","67,364,357",0.37
Gabon,GA,Libreville,0 23 N,9 27 E,"$18,100",1.8,"2,244,000,000","2,071,000,000","344,000,000","671,000.00",51,0,49,0,"196,000","214,200",0,"2,000,000,000","16,580","24,000","4,662","10,680","401,000,000","401,000,000",0,0,"28,320,000,000","4,293,000.00","2,119,036",2.73
"Gambia, The",GM,Banjul,13 27 N,16 34 W,"$2,600",-0.8,"304,100,000","282,800,000",0,"117,000.00",97,0,0,3,0,0,0,0,0,"3,800",42,"3,738",0,0,0,0,0,"607,300.00","2,092,731",1.99
Georgia,GE,Tbilisi,41 41 N,44 50 E,"$10,700",6.7,"13,240,000,000","12,370,000,000","1,329,000,000","4,641,000.00",35,0,65,0,400,"3,006","2,660","35,000,000",247,"27,000","2,052","28,490","7,363,000","2,294,000,000",0,"2,294,000,000","8,495,000,000","9,912,000.00","4,003,000",0.01
Germany,DE,Berlin,52 31 N,13 24 E,"$50,800",3.3,"612,800,000,000","536,500,000,000","28,340,000,000","208,500,000.00",41,5,2,52,"41,000","6,569","1,836,000","129,600,000","2,158,000","2,460,000","494,000","883,800","7,900,000,000","93,360,000,000","34,610,000,000","119,500,000,000","39,500,000,000","847,600,000.00","80,457,737",-0.17
Ghana,GH,Accra,5 33 N,0 13 W,"$4,700",16.7,"12,520,000,000","9,363,000,000","511,000,000","3,801,000.00",58,0,42,1,"173,000","104,000","6,220","660,000,000","2,073","90,000","2,654","85,110","914,400,000","1,232,000,000",0,"317,400,000","22,650,000,000","13,670,000.00","28,102,471",2.16
Greece,GR,Athens,37 59 N,23 44 E,"$27,800",3.5,"52,050,000,000","56,890,000,000","9,833,000,000","19,170,000.00",57,0,14,29,"4,100","3,229","484,300","10,000,000","655,400","304,100","371,900","192,200","8,000,000","4,927,000,000",0,"4,984,000,000","991,100,000","69,370,000.00","10,761,523",-0.07
Greenland,GL,Nuuk,64 11 N,51 45 W,"$41,800",unknown,"538,000,000","468,000,000",0,"187,000.00",51,0,49,0,0,0,0,0,0,"4,000",0,"3,973",0,0,0,0,0,"613,800.00","57,691",-0.04
Grenada,GD,Saint George's,12 03 N,61 45 W,"$15,100",10,"202,100,000","185,100,000",0,"51,100.00",96,0,0,4,0,0,0,0,0,"2,000",0,"1,886",0,0,0,0,0,"283,600.00","112,207",0.42
Guatemala,GT,Guatemala City,14 37 N,90 31 W,"$8,200",1.8,"12,120,000,000","10,100,000,000","747,000,000","4,605,000.00",41,0,31,28,"9,600","9,383",0,"83,070,000","1,162","89,000","10,810","97,900",0,0,0,0,"2,960,000,000","17,150,000.00","16,581,273",1.72
Guinea,GN,Conakry,9 30 N,13 42 W,"$2,200",11,"598,000,000","556,100,000",0,"550,000.00",33,0,67,0,0,0,0,0,0,"19,000",0,"18,460",0,0,0,0,0,"2,794,000.00","11,855,411",2.75
Guinea-Bissau,GW,Bissau,11 51 N,15 35 W,"$1,900",2.5,"39,000,000","36,270,000",0,"28,300.00",99,0,0,1,0,0,0,0,0,"2,700",0,"2,625",0,0,0,0,0,"397,900.00","1,833,247",2.48
Guyana,GY,Georgetown,6 48 N,58 09 W,"$8,100",-5,"1,010,000,000","790,100,000",0,"428,000.00",89,0,0,11,0,0,0,0,0,"14,000",0,"13,720",0,0,0,0,0,"2,131,000.00","740,685",0.48
Haiti,HT,Port-au-Prince,18 32 N,72 20 W,"$1,800",0.9,"1,023,000,000","406,200,000",0,"332,000.00",82,0,18,0,0,0,0,0,0,"21,000",0,"20,030",0,0,0,0,0,"3,595,000.00","10,788,440",1.31
Honduras,HN,Tegucigalpa,14 06 N,87 13 W,"$5,600",4.5,"8,501,000,000","7,220,000,000","195,000,000","2,546,000.00",40,0,25,34,0,0,0,0,0,"59,000","12,870","56,120",0,0,0,0,0,"9,436,000.00","9,182,766",1.56
Hungary,HU,Budapest,47 30 N,19 05 E,"$29,600",7.4,"30,220,000,000","39,370,000,000","17,950,000,000","8,639,000.00",64,22,1,13,"16,000","2,713","121,000","24,000,000","152,400","167,700","58,720","82,110","1,812,000,000","10,390,000,000","3,520,000,000","13,370,000,000","6,598,000,000","51,280,000.00","9,825,704",-0.26
Iceland,IS,Reykjavik,64 09 N,21 57 W,"$52,200",2.4,"18,170,000,000","17,680,000,000",0,"2,772,000.00",4,0,71,25,0,0,0,0,0,"20,850","2,530","20,220",0,0,0,0,0,"3,228,000.00","343,518",1.08
India,IN,New Delhi,28 36 N,77 12 E,"$7,200",5.5,"1,386,000,000,000","1,137,000,000,000","5,617,000,000","367,800,000.00",71,2,12,16,"709,000",0,"4,057,000","4,495,000,000","4,897,000","4,521,000","1,305,000","653,300","31,540,000,000","55,430,000,000","76,450,000","23,960,000,000","1,290,000,000,000","2,383,000,000.00","1,296,834,042",1.14
Indonesia,ID,Jakarta,6 10 S,106 49 E,"$12,400",4.1,"235,400,000,000","213,400,000,000","693,000,000","61,430,000.00",85,0,9,6,"772,000","302,300","498,500","3,310,000,000","950,000","1,601,000","79,930","591,500","72,090,000,000","42,320,000,000","29,780,000,000",0,"2,866,000,000,000","540,700,000.00","262,787,403",0.83
Iran,IR,Tehran,35 42 N,51 25 E,"$20,100",3,"272,300,000,000","236,300,000,000","4,221,000,000","77,600,000.00",84,1,15,0,"4,251,000","750,200",0,"157,200,000,000","1,764,000","1,804,000","397,200","64,160","214,500,000,000","206,900,000,000","11,640,000,000","3,993,000,000","33,720,000,000,000","638,300,000.00","83,024,745",1.19
Iraq,IQ,Baghdad,33 20 N,44 24 E,"$16,700",0.7,"75,450,000,000","38,460,000,000","11,970,000,000","27,090,000.00",91,0,9,0,"4,613,000","3,092,000",0,"148,800,000,000","398,000","826,000","8,284","255,100","1,274,000,000","2,633,000,000",0,"1,359,000,000","3,820,000,000,000","117,900,000.00","40,194,216",2.5
Ireland,IE,Dublin,53 19 N,6 14 W,"$73,200",7.8,"28,530,000,000","25,680,000,000","871,000,000","9,945,000.00",65,0,2,33,0,"5,900","66,210",0,"64,970","153,700","37,040","126,600","3,511,000,000","5,238,000,000",0,"1,642,000,000","9,911,000,000","36,910,000.00","5,068,050",1.11
Israel,IL,Jerusalem,31 46 N,35 14 E,"$36,400",3.5,"63,090,000,000","55,000,000,000",0,"17,590,000.00",95,0,0,5,390,0,"231,600","12,730,000","294,300","242,200","111,700","98,860","9,826,000,000","9,995,000,000",0,"509,700,000","176,000,000,000","73,820,000.00","8,424,904",1.49
Italy,IT,Rome,41 54 N,12 29 E,"$38,200",2.1,"275,300,000,000","293,500,000,000","43,180,000,000","114,200,000.00",54,0,14,32,"90,000","13,790","1,341,000","487,800,000","1,607,000","1,236,000","615,900","422,500","5,550,000,000","75,150,000,000","271,800,000","69,660,000,000","38,110,000,000","351,000,000.00","62,246,674",0.16
Jamaica,JM,Kingston,18 00 N,76 48 W,"$9,200",0.9,"4,007,000,000","2,847,000,000",0,"1,078,000.00",83,0,3,15,0,0,"24,360",0,"24,250","55,000",823,"30,580",0,"198,200,000",0,"198,200,000",0,"8,900,000.00","2,812,090",-0.05
Japan,JP,Tokyo,35 41 N,139 45 E,"$42,900",1.4,"989,300,000,000","943,700,000,000",0,"295,900,000.00",71,1,8,20,"3,200",0,"3,208,000","44,120,000","3,467,000","3,894,000","370,900","1,100,000","3,058,000,000","127,200,000,000","169,900,000","116,600,000,000","20,900,000,000","1,268,000,000.00","126,168,156",-0.24
Jordan,JO,Amman,31 57 N,35 56 E,"$9,200",1.4,"18,600,000,000","16,820,000,000","334,000,000","4,764,000.00",87,0,0,12,22,0,"67,980","1,000,000","67,240","139,000",0,"68,460","121,800,000","5,238,000,000","1,359,000,000","6,456,000,000","6,031,000,000","27,390,000.00","10,458,413",2.02
Kazakhstan,KZ,Astana,51 10 N,71 25 E,"$26,300",5.8,"100,800,000,000","94,230,000,000","1,318,000,000","20,150,000.00",86,0,14,1,"1,856,000","1,409,000","1,480","30,000,000,000","290,700","274,000","105,900","39,120","22,410,000,000","15,370,000,000","12,800,000,000","5,748,000,000","2,407,000,000,000","304,600,000.00","18,744,548",0.98
Kenya,KE,Nairobi,1 17 S,36 49 E,"$3,500",3.6,"9,634,000,000","7,863,000,000","184,000,000","2,401,000.00",33,0,34,33,0,0,"12,550",0,"13,960","109,000",173,"90,620",0,0,0,0,0,"17,980,000.00","48,397,527",1.57
Kiribati,KI,Tarawa,1 21 N,173 02 E,"$2,000",1.1,"29,000,000","26,970,000",0,"11,000.00",73,0,0,27,0,0,0,0,0,400,0,420,0,0,0,0,0,"58,850.00","109,367",1.12
Dem. Rep. Korea,KP,Pyongyang,39 01 N,125 45 E,"$1,700",1,"16,570,000,000","13,890,000,000",0,"10,010,000.00",45,0,55,0,0,0,"10,640",0,"11,270","18,000",0,"8,260",0,0,0,0,0,"27,830,000.00","25,381,085",0.52
Korea,KR,Seoul,37 33 N,126 59 E,"$39,500",4.6,"526,000,000,000","507,600,000,000",0,"111,200,000.00",70,21,2,8,0,0,"3,057,000",unknown,"3,302,000","2,584,000","1,396,000","908,800","339,800,000","45,280,000,000",0,"48,650,000,000","7,079,000,000","778,400,000.00","51,418,097",0.44
Kuwait,KW,Kuwait City,29 22 N,47 58 E,"$65,800",2.8,"65,950,000,000","57,780,000,000",0,"18,890,000.00",100,0,0,0,"2,807,000","479,700",0,"101,500,000,000","915,800","446,000","705,500",0,"17,100,000,000","21,720,000,000",0,"5,125,000,000","1,784,000,000,000","106,500,000.00","2,916,467",1.38
Kyrgyzstan,KG,Bishkek,42 52 N,74 36 E,"$3,700",10.9,"13,040,000,000","10,520,000,000","331,000,000","4,046,000.00",24,0,76,0,"1,000",0,"4,480","40,000,000","6,996","37,000","2,290","34,280","28,320,000","186,900,000",0,"169,900,000","5,663,000,000","10,020,000.00","5,849,296",1.02
Lao PDR,LA,Vientiane,17 58 N,102 36 E,"$7,400",8,"29,740,000,000","5,471,000,000","2,500,000,000","6,940,000.00",28,0,72,1,0,0,0,0,0,"18,000",0,"17,460",0,0,0,0,0,"10,420,000.00","7,234,171",1.48
Latvia,LV,Riga,56 57 N,24 06 E,"$27,700",10.6,"6,241,000,000","6,798,000,000","4,828,000,000","2,932,000.00",39,0,53,8,0,0,0,0,0,"44,600","16,180","54,370",0,"1,218,000,000",0,"1,246,000,000",0,"8,632,000.00","1,923,559",-1.1
Lebanon,LB,Beirut,33 52 N,35 30 E,"$19,600",-21.1,"17,590,000,000","15,710,000,000","69,000,000","2,346,000.00",88,0,11,1,0,0,0,0,0,"154,000",0,"151,100",0,0,0,0,0,"23,360,000.00","6,100,075",-3.13
Lesotho,LS,Maseru,29 19 S,27 29 E,"$3,300",12.5,"510,000,000","847,300,000","373,000,000","80,400.00",0,0,100,1,0,0,0,0,0,"5,000",0,"5,118",0,0,0,0,0,"711,100.00","1,962,461",0.24
Liberia,LR,Monrovia,6 18 N,10 48 W,"$1,300",9,"300,000,000","279,000,000",0,"151,000.00",57,0,43,0,0,0,0,0,0,"8,000",0,"8,181",0,0,0,0,0,"1,163,000.00","4,809,768",2.59
Libya,LY,Tripoli,32 53 N,13 10 E,"$9,600",60.3,"34,240,000,000","27,300,000,000","376,000,000","9,460,000.00",100,0,0,0,"1,039,000","337,800",0,"48,360,000,000","89,620","260,000","16,880","168,200","9,089,000,000","4,446,000,000","4,644,000,000",0,"1,505,000,000,000","46,480,000.00","6,754,507",1.45
Lithuania,LT,Vilnius,54 41 N,25 19 E,"$32,400",5.9,"3,131,000,000","10,500,000,000","11,110,000,000","3,710,000.00",73,0,4,23,"2,000","1,002","182,900","12,000,000","196,500","58,000","174,800","42,490",0,"2,492,000,000",0,"2,492,000,000",0,"13,490,000.00","2,793,284",-1.1
Luxembourg,LU,Luxembourg,49 36 N,6 07 E,"$105,100",1.9,"334,500,000","6,475,000,000","7,718,000,000","1,709,000.00",25,0,8,67,0,0,0,0,0,"59,850",0,"59,020",0,"792,800,000",0,"792,800,000",0,"10,720,000.00","605,764",1.9
Macedonia,MK,Skopje,42 00 N,21 26 E,"$14,900",-7.8,"5,396,000,000","6,420,000,000","2,191,000,000","1,828,000.00",60,0,37,3,0,142,0,0,0,"21,000","3,065","23,560",0,"198,200,000",0,"198,200,000",0,"7,459,000.00","2,118,945",0.19
Madagascar,MG,Antananarivo,18 55 S,47 31 E,"$1,600",5.2,"1,706,000,000","1,587,000,000",0,"675,400.00",74,0,24,2,0,0,0,0,0,"18,000",0,"18,880",0,0,0,0,0,"4,021,000.00","25,683,610",2.46
Malawi,MW,Lilongwe,13 58 S,33 47 E,"$1,200",1.2,"1,420,000,000","1,321,000,000",0,"375,000.00",1,0,93,6,0,0,0,0,0,"6,000",0,"4,769",0,0,0,0,0,"1,082,000.00","19,842,560",3.31
Malaysia,MY,Kuala Lumpur,3 10 N,101 42 E,"$29,100",5,"148,300,000,000","136,900,000,000","33,000,000","33,000,000.00",78,0,18,4,"647,000","326,200","166,000","3,600,000,000","528,300","704,000","208,400","304,600","69,490,000,000","30,440,000,000","38,230,000,000","2,803,000,000","1,183,000,000,000","226,800,000.00","31,809,660",1.34
Maldives,MV,Male,4 10 N,73 30 E,"$19,200",14,"402,000,000","373,900,000",0,"278,000.00",96,0,0,4,0,0,0,0,0,"11,000",0,"10,840",0,0,0,0,0,"1,648,000.00","392,473",-0.06
Mali,ML,Bamako,12 39 N,8 00 W,"$2,200",6.3,"2,489,000,000","2,982,000,000","800,000,000","590,000.00",68,0,31,1,0,0,0,0,0,"22,000",0,"20,610",0,0,0,0,0,"3,388,000.00","18,429,893",2.98
Malta,MT,Valletta,35 53 N,14 30 E,"$41,900",-3.3,"813,000,000","2,122,000,000","1,525,000,000","575,100.00",81,0,0,19,0,0,0,0,0,"45,000","10,400","52,290",0,"283,200,000",0,"311,500,000",0,"8,141,000.00","449,043",0.99
Mauritania,MR,Nouakchott,18 04 N,15 58 W,"$4,500",1,"1,139,000,000","1,059,000,000",0,"558,000.00",65,0,16,20,"4,000","5,333",0,"20,000,000",0,"17,000",0,"17,290",0,0,0,0,"28,320,000,000","2,615,000.00","3,840,429",2.14
Mauritius,MU,Port Louis,20 09 S,57 29 E,"$22,300",3.2,"2,898,000,000","2,726,000,000",0,"894,000.00",79,0,7,14,0,0,0,0,0,"27,000",0,"26,960",0,0,0,0,0,"6,429,000.00","1,364,283",0.57
Mexico,MX,Mexico City,19 26 N,99 08 W,"$19,900",-0.6,"302,700,000,000","258,700,000,000","3,532,000,000","72,560,000.00",71,2,17,9,"1,852,000","1,214,000",0,"6,630,000,000","844,600","1,984,000","155,800","867,500","31,570,000,000","81,610,000,000","36,810,000","50,120,000,000","279,800,000,000","454,100,000.00","125,959,205",1.09
"Micronesia, Federated States of",FM,Palikir,6 55 N,158 09 E,"$3,400",unknown,"192,000,000","178,600,000",0,"18,000.00",96,0,1,3,0,0,0,0,0,unknown,0,unknown,0,unknown,unknown,unknown,0,105,"103,643",-0.55
Moldova,MD,Chisinau,47 00 N,28 51 E,"$6,700",3,"5,490,000,000","4,400,000,000","4,000,000","515,000.00",86,0,12,2,0,0,20,0,232,"18,000",275,"18,160","11,330,000","2,520,000,000",0,"2,520,000,000",unknown,"7,653,000.00","3,437,720",-1.06
Mongolia,MN,Ulaanbaatar,47 55 N,106 55 E,"$13,000",-1,"5,339,000,000","5,932,000,000","1,446,000,000","1,134,000.00",87,0,2,11,"20,000","14,360",0,unknown,0,"27,000",0,"24,190",0,0,0,0,0,"19,860,000.00","3,103,428",1.11
Montenegro,ME,Podgorica,42 26 N,19 16 E,"$17,800",-4.2,"3,045,000,000","2,808,000,000","1,210,000,000","890,000.00",23,0,69,8,0,0,0,0,0,"6,000",357,"6,448",0,0,0,0,0,"2,287,000.00","614,249",-0.34
Morocco,MA,Rabat,34 01 N,6 49 W,"$8,600",2.8,"28,750,000,000","28,250,000,000","5,289,000,000","8,303,000.00",68,0,16,15,160,0,"61,160","684,000","66,230","278,000","9,504","229,300","87,780,000","1,218,000,000",0,"1,133,000,000","1,444,000,000","55,400,000.00","34,314,130",0.95
Mozambique,MZ,Maputo,25 57 S,32 35 E,"$1,300",4.9,"18,390,000,000","11,570,000,000","9,928,000,000","2,626,000.00",16,0,83,1,0,0,0,0,0,"26,000",0,"25,130","6,003,000,000","1,841,000,000","4,162,000,000",0,"2,832,000,000,000","11,120,000.00","27,233,789",2.46
Burma,MM,Rangoon,16 48 N,96 09 E,"$6,300",8.9,"17,320,000,000","14,930,000,000",0,"5,205,000.00",39,0,61,1,"11,000","1,824",0,"139,000,000","13,330","123,000",0,"102,600","18,410,000,000","4,502,000,000","14,070,000,000",0,"637,100,000,000","27,010,000.00","55,622,506",0.89
Namibia,unknown,Windhoek,22 34 S,17 05 E,"$11,200",-0.4,"1,403,000,000","3,891,000,000","3,073,000,000","535,500.00",28,0,64,8,0,0,0,0,0,"27,000",80,"26,270",0,0,0,0,"62,290,000,000","3,958,000.00","2,533,224",1.91
Nauru,NR,none,unknown,unknown,"$12,300",unknown,"24,000,000","22,320,000",0,"7,000.00",86,0,0,14,0,0,0,0,0,470,0,449,0,0,0,0,0,"76,540.00","9,692",0.51
Nepal,NP,Kathmandu,27 43 N,85 19 E,"$2,700",12.4,"4,244,000,000","4,983,000,000","2,175,000,000","943,100.00",5,0,92,3,0,0,0,0,0,"27,000",0,"26,120",0,0,0,0,0,"8,396,000.00","29,717,587",1.09
Netherlands,NL,Amsterdam,52 21 N,4 55 E,"$53,900",3.3,"109,300,000,000","108,800,000,000","24,260,000,000","34,170,000.00",75,1,0,23,"18,000","7,984","1,094,000","81,130,000","1,282,000","954,500","2,406,000","2,148,000","45,330,000,000","43,380,000,000","51,250,000,000","51,000,000,000","801,400,000,000","250,200,000.00","17,151,228",0.38
New Zealand,NZ,Wellington,41 18 S,174 47 E,"$39,000",1.8,"42,530,000,000","39,500,000,000",0,"9,301,000.00",23,0,58,20,"24,000","26,440","108,900","51,800,000","115,100","169,100","1,782","56,000","5,097,000,000","5,182,000,000",0,0,"33,700,000,000","37,750,000.00","4,545,627",0.77
Nicaragua,NI,Managua,12 08 N,86 15 W,"$5,900",3.5,"4,454,000,000","3,590,000,000","205,000,000","1,551,000.00",56,0,9,35,0,0,"16,180",0,"14,720","37,000",460,"20,120",0,0,0,0,0,"5,405,000.00","6,085,213",0.97
Niger,NE,Niamey,13 31 N,2 07 E,"$1,200",6,"494,700,000","1,065,000,000","779,000,000","184,000.00",95,0,0,5,"9,000",0,0,"150,000,000","15,280","14,000","5,422","3,799",0,0,0,0,0,"2,534,000.00","19,866,231",3.16
Nigeria,NG,Abuja,9 05 N,7 32 E,"$5,900",2.2,"29,350,000,000","24,720,000,000",0,"10,520,000.00",80,0,19,0,"1,989,000","2,096,000",0,"37,450,000,000","35,010","325,000","2,332","223,400","44,480,000,000","17,240,000,000","27,210,000,000",0,"5,475,000,000,000","104,000,000.00","203,452,505",2.54
Norway,NO,Oslo,59 55 N,10 45 E,"$72,100",1.5,"147,700,000,000","122,200,000,000","5,741,000,000","33,860,000.00",3,0,93,4,"1,517,000","1,383,000","36,550","6,376,000,000","371,600","205,300","432,800","135,300","123,900,000,000","4,049,000,000","120,200,000,000","5,663,000","1,782,000,000,000","39,800,000.00","5,372,191",0.94
Oman,OM,Muscat,23 37 N,58 35 E,"$46,000",-3,"32,160,000,000","28,920,000,000",0,"8,167,000.00",100,0,0,0,"979,000","844,100",0,"5,373,000,000","229,600","188,000","33,700","6,041","31,230,000,000","21,940,000,000","11,160,000,000","1,982,000,000","651,300,000,000","68,940,000.00","4,613,241",2
Pakistan,PK,Islamabad,33 41 N,73 03 E,"$5,400",5.4,"109,700,000,000","92,330,000,000","490,000,000","26,900,000.00",62,5,27,7,"90,000","13,150","168,200","332,200,000","291,200","557,000","25,510","264,500","39,050,000,000","45,050,000,000",0,"6,003,000,000","588,800,000,000","179,500,000.00","207,862,518",1.41
Palau,PW,Melekeok,7 29 N,134 38 E,"$14,700",unknown,unknown,unknown,unknown,unknown,unknown,unknown,unknown,unknown,unknown,unknown,unknown,unknown,unknown,unknown,unknown,unknown,unknown,unknown,unknown,unknown,unknown,unknown,"21,516",0.4
Panama,PA,Panama City,8 58 N,79 32 W,"$25,400",6.3,"10,600,000,000","8,708,000,000","30,000,000","3,400,000.00",36,0,51,13,0,0,0,0,0,"146,000",66,"129,200",0,0,0,0,0,"26,080,000.00","3,800,644",1.24
Papua New Guinea,PG,Port Moresby,9 27 S,147 11 E,"$3,700",3.3,"3,481,000,000","3,237,000,000",0,"900,900.00",63,0,30,7,"45,000","55,600","22,220","183,800,000","22,170","37,000",0,"17,110","11,180,000,000","99,110,000","11,100,000,000",0,"210,500,000,000","6,082,000.00","7,027,332",1.67
Paraguay,PY,Asuncion,25 16 S,57 40 W,"$12,800",2,"63,130,000,000","10,900,000,000",0,"8,870,000.00",0,0,99,1,0,0,0,0,0,"43,000",0,"40,760",0,0,0,0,0,"7,740,000.00","7,025,763",1.17
Peru,PE,Lima,12 03 S,77 03 W,"$13,500",2.7,"50,130,000,000","44,610,000,000","22,000,000","14,730,000.00",61,0,35,4,"49,000","7,995","86,060","434,900,000","166,600","250,000","62,640","65,400","12,990,000,000","7,483,000,000","5,505,000,000",0,"455,900,000,000","55,940,000.00","31,331,228",0.94
Philippines,PH,Manila,14 36 N,120 58 E,"$8,400",7.2,"86,590,000,000","78,300,000,000",0,"22,130,000.00",67,0,17,16,"13,000","16,450","211,400","138,500,000","215,500","424,000","26,710","211,400","3,058,000,000","3,143,000,000",0,0,"98,540,000,000","117,200,000.00","105,893,381",1.55
Poland,PL,Warsaw,52 15 N,21 00 E,"$29,600",7.5,"156,900,000,000","149,400,000,000","14,020,000,000","38,110,000.00",79,0,2,19,"21,000","4,451","493,100","126,000,000","554,200","649,600","104,800","222,300","5,748,000,000","20,100,000,000","1,246,000,000","15,720,000,000","79,790,000,000","359,000,000.00","38,420,687",-0.16
Portugal,PT,Lisbon,38 43 N,9 08 W,"$30,500",3.5,"56,900,000,000","46,940,000,000","4,616,000,000","20,560,000.00",41,0,25,35,0,0,"285,200",0,"323,000","247,200","143,500","78,700",0,"6,258,000,000",0,"6,541,000,000",0,"54,970,000.00","10,355,493",-0.27
Qatar,QA,Doha,25 17 N,51 32 E,"$124,100",3,"39,780,000,000","37,240,000,000",0,"8,796,000.00",100,0,0,1,"1,464,000","1,150,000",0,"25,240,000,000","273,800","277,000","485,000","12,300","166,400,000,000","39,900,000,000","126,500,000,000",0,"24,070,000,000,000","114,200,000.00","2,363,569",1.95
Romania,RO,Bucharest,44 26 N,26 06 E,"$24,600",5.5,"61,780,000,000","49,640,000,000","4,177,000,000","23,940,000.00",47,6,29,19,"70,000","2,076","145,300","600,000,000","232,600","198,000","103,000","49,420","10,870,000,000","11,580,000,000","22,650,000","1,218,000,000","105,500,000,000","72,070,000.00","21,457,116",-0.35
Russia,RU,Moscow,55 45 N,37 36 E,"$27,900",-1,"1,031,000,000,000","909,600,000,000","3,194,000,000","244,900,000.00",68,11,21,1,"10,759,000","4,921,000","76,220","80,000,000,000","6,076,000","3,650,000","2,671,000","41,920","665,600,000,000","467,500,000,000","210,200,000,000","15,770,000,000","47,800,000,000,000","1,847,000,000.00","142,122,776",-0.11
Rwanda,RW,Kigali,1 57 S,30 03 E,"$2,100",4.2,"525,000,000","527,300,000","42,000,000","191,000.00",42,0,51,7,0,0,0,0,0,"6,700",0,"6,628",0,0,0,0,"56,630,000,000","985,600.00","12,187,400",2.3
Saint Kitts and Nevis,KN,Basseterre,17 18 N,62 43 W,"$28,200",5,"208,000,000","193,400,000",0,"64,200.00",94,0,0,6,0,0,0,0,0,"1,700",0,"1,743",0,0,0,0,0,"248,100.00","53,094",0.7
Saint Lucia,LC,Castries,14 00 N,61 00 W,"$14,400",6,"369,000,000","343,200,000",0,"89,000.00",99,0,0,1,0,0,0,0,0,"3,100",0,"3,113",0,0,0,0,0,"437,900.00","165,510",0.31
Saint Vincent and the Grenadines,VC,Kingstown,13 08 N,61 13 W,"$11,500",2.5,"157,000,000","146,000,000",0,"54,000.00",85,0,13,2,0,0,0,0,0,"1,620",0,"1,621",0,0,0,0,0,"226,800.00","101,844",-0.23
Samoa,WS,Apia,13 49 S,171 46 W,"$5,700",-1.8,"132,000,000","122,800,000",0,"45,000.00",48,0,23,29,0,0,0,0,0,"2,400",0,"2,363",0,0,0,0,0,"341,100.00","201,316",0.61
Sao Tome and Principe,ST,Sao Tome,0 20 N,6 44 E,"$3,200",5,"66,000,000","61,380,000",0,"18,100.00",88,0,11,1,0,0,0,0,0,"1,000",0,"1,027",0,0,0,0,0,"148,100.00","204,454",1.66
Saudi Arabia,SA,Riyadh,24 39 N,46 42 E,"$54,500",-2.4,"324,100,000,000","296,200,000,000",0,"82,940,000.00",100,0,0,0,"10,425,000","7,341,000",0,"266,200,000,000","2,476,000","3,287,000","1,784,000","609,600","109,300,000,000","109,300,000,000",0,0,"8,619,000,000,000","657,100,000.00","33,091,113",1.63
Senegal,SN,Dakar,14 44 N,17 38 W,"$3,500",7.7,"4,167,000,000","3,497,000,000",0,"977,000.00",82,0,7,11,0,0,"17,880",0,"17,590","48,000","4,063","32,050","59,460,000","59,460,000",0,0,0,"8,644,000.00","15,020,945",2.36
Serbia,RS,Belgrade,44 50 N,20 30 E,"$15,100",3.9,"36,540,000,000","29,810,000,000","5,068,000,000","7,342,000.00",65,0,35,1,"17,000",123,"40,980","77,500,000","74,350","74,000","15,750","18,720","509,700,000","2,718,000,000",0,"2,010,000,000","48,140,000,000","50,210,000.00","7,078,110",-0.47
Seychelles,SC,Victoria,4 37 S,55 27 E,"$29,300",2.3,"350,000,000","325,500,000",0,"88,000.00",91,0,0,9,0,0,0,0,0,"7,300",0,"7,225",0,0,0,0,0,"1,150,000.00","94,633",0.74
Sierra Leone,SL,Freetown,8 29 N,13 14 W,"$1,600",15.5,"300,000,000","279,000,000",0,"113,300.00",23,0,51,26,0,0,0,0,0,"6,500",0,"6,439",0,0,0,0,0,"984,800.00","6,312,212",2.4
Singapore,SG,Singapore,1 17 N,103 51 E,"$94,100",5.7,"48,660,000,000","47,690,000,000",0,"13,350,000.00",98,0,0,2,0,"14,780","783,300",0,"755,000","1,322,000","1,820,000","2,335,000",0,"12,970,000,000","622,900,000","13,480,000,000",0,"249,500,000.00","5,995,991",1.79
Slovakia,SK,Bratislava,48 09 N,17 07 E,"$33,100",2.7,"25,320,000,000","26,640,000,000","13,250,000,000","7,644,000.00",36,27,24,13,200,"1,022","111,200","9,000,000","131,300","85,880","81,100","38,340","104,800,000","4,672,000,000",0,"4,984,000,000","14,160,000,000","34,860,000.00","5,445,040",-0.02
Slovenia,SI,Ljubljana,46 03 N,14 31 E,"$34,500",8.6,"15,460,000,000","13,400,000,000","8,359,000,000","3,536,000.00",37,20,34,9,5,0,0,0,0,"52,140","29,350","93,060","8,000,000","906,100,000","2,832,000","906,100,000",unknown,"14,370,000.00","2,102,126",0.03
Solomon Islands,SB,Honiara,9 26 S,159 57 E,"$2,200",3.6,"103,000,000","95,790,000",0,"38,000.00",92,0,0,8,0,0,0,0,0,"1,600",0,"1,577",0,0,0,0,0,"233,500.00","660,121",1.9
South Africa,ZA,Pretoria,25 42 S,28 13 E,"$13,600",1.2,"234,500,000,000","207,100,000,000","10,560,000,000","50,020,000.00",85,4,1,10,"1,600",0,"404,000","15,000,000","487,100","621,000","105,600","195,200","906,100,000","5,069,000,000",0,"4,162,000,000",0,"572,300,000.00","55,380,210",0.97
S. Sudan,SS,Juba,04 51 N,31 37 E,"$1,600",unknown,"412,800,000","391,800,000",0,"80,400.00",100,0,0,1,"150,200","147,300",0,"3,750,000,000",0,"8,000",0,"7,160",0,0,0,0,"63,710,000,000","1,224,000.00","10,204,581",-1.16
Spain,ES,Madrid,40 24 N,3 41 W,"$38,400",4,"258,600,000,000","239,500,000,000","21,850,000,000","105,900,000.00",47,7,14,32,"1,700",0,"1,325,000","150,000,000","1,361,000","1,296,000","562,400","464,800","36,810,000","31,270,000,000","2,888,000,000","34,630,000,000","2,548,000,000","286,700,000.00","49,331,076",0.73
Sri Lanka,LK,Colombo,6 55 N,79 50 E,"$12,900",4.6,"13,660,000,000","12,670,000,000",0,"3,998,000.00",52,0,42,6,0,0,"33,540",0,"34,210","116,000","3,871","66,280",0,0,0,0,0,"25,190,000.00","22,576,592",0.73
Sudan,SD,Khartoum,15 36 N,32 32 E,"$4,300",4.5,"13,990,000,000","12,120,000,000",0,"3,437,000.00",44,0,51,6,"95,000","19,540","9,440","5,000,000,000","94,830","112,000","8,541","24,340",0,0,0,0,"84,950,000,000","16,030,000.00","43,120,843",2.93
Suriname,SR,Paramaribo,5 50 N,55 10 W,"$14,900",1,"1,967,000,000","1,750,000,000",0,"504,000.00",61,0,38,2,"17,000",0,820,"84,200,000","7,571","13,000","14,000","10,700",0,0,0,0,0,"2,075,000.00","597,927",1
Sweden,SE,Stockholm,59 20 N,18 03 E,"$51,200",4.1,"152,900,000,000","133,500,000,000","14,290,000,000","40,290,000.00",5,22,42,32,0,"14,570","400,200",0,"413,200","323,100","371,100","229,600",0,"764,500,000",0,"764,500,000",0,"52,310,000.00","10,040,995",0.8
Switzerland,CH,Bern,46 55 N,7 28 E,"$62,100",3.4,"59,010,000,000","58,460,000,000","34,100,000,000","20,840,000.00",3,18,67,13,0,0,"57,400",0,"61,550","223,900","7,345","165,100",0,"3,709,000,000",0,"3,681,000,000",unknown,"38,950,000.00","8,292,809",0.68
Syria,SY,Damascus,33 30 N,36 18 E,"$2,900",4.3,"17,070,000,000","14,160,000,000",0,"9,058,000.00",83,0,17,0,"25,000",0,"87,660","2,500,000,000","111,600","134,000","12,520","38,080","3,738,000,000","3,738,000,000",0,0,"240,700,000,000","27,510,000.00","19,454,263",7.37
Taiwan,TW,Taipei,25 02 N,121 31 E,"$50,500",3.9,"246,100,000,000","237,400,000,000",0,"49,520,000.00",79,11,4,6,196,0,"846,400","2,380,000","924,000","962,400","349,600","418,300","237,900,000","22,450,000,000",0,"22,140,000,000","6,229,000,000","348,800,000.00","23,545,963",0.15
Tajikistan,TJ,Dushanbe,38 33 N,68 46 E,"$3,200",1,"17,030,000,000","12,960,000,000","103,000,000","5,508,000.00",6,0,94,0,180,0,0,"12,000,000",172,"24,000",0,"22,460","19,820,000","19,820,000",0,0,"5,663,000,000","6,329,000.00","8,604,882",1.58
Tanzania,TZ,Dar es Salaam,6 48 S,39 17 E,"$3,200",12,"6,699,000,000","5,682,000,000","102,000,000","1,457,000.00",55,0,40,6,0,0,0,0,0,"72,000",0,"67,830","3,115,000,000","3,115,000,000",0,0,"6,513,000,000","14,570,000.00","55,451,343",2.74
Thailand,TH,Bangkok,13 45 N,100 31 E,"$17,900",1.6,"181,500,000,000","187,700,000,000","19,830,000,000","44,890,000.00",76,0,8,16,"228,000",790,"875,400","349,400,000","1,328,000","1,326,000","278,300","134,200","38,590,000,000","52,640,000,000",0,"14,410,000,000","193,400,000,000","355,000,000.00","68,615,858",0.29
Timor-Leste,TL,Dili,8 35 S,125 36 E,"$6,000",2,0,0,0,600,0,0,0,100,"33,000","62,060",0,0,0,"3,500",0,"3,481","5,776,000,000",0,"5,776,000,000",0,"200,000,000,000","533,400.00","1,321,929",2.32
Togo,TG,Lome,6 07 N,1 13 E,"$1,700",5,"232,600,000","1,261,000,000","1,140,000,000","230,000.00",70,0,29,1,0,0,0,0,0,"15,000",0,"13,100",0,0,0,0,0,"2,651,000.00","8,176,449",2.61
Tonga,TO,Nuku'alofa,21 08 S,175 12 W,"$5,900",5,"52,000,000","48,360,000",0,"20,300.00",74,0,0,26,0,0,0,0,0,900,0,910,0,0,0,0,0,"139,700.00","106,398",-0.1
Trinidad and Tobago,TT,Port of Spain,10 39 N,61 31 W,"$31,300",-4.3,"10,070,000,000","9,867,000,000",0,"2,608,000.00",100,0,0,0,"63,000","31,030","80,860","243,000,000","134,700","51,000","106,100",0,"36,730,000,000","21,240,000,000","15,490,000,000",0,"447,400,000,000","48,920,000.00","1,215,527",-0.23
Tunisia,TN,Tunis,36 48 N,10 11 E,"$11,900",0.5,"18,440,000,000","15,270,000,000","134,000,000","5,768,000.00",94,0,1,5,"39,000","39,980","17,580","425,000,000","27,770","102,000","13,660","85,340","1,274,000,000","5,125,000,000",0,"3,851,000,000","65,130,000,000","23,420,000.00","11,516,189",0.95
Turkey,TR,Ankara,39 56 N,32 52 E,"$27,000",9.1,"261,900,000,000","231,100,000,000","6,330,000,000","78,500,000.00",53,0,33,14,"55,000",0,"521,500","341,600,000","657,900","989,900","141,600","560,000","368,100,000","53,600,000,000","622,900,000","55,130,000,000","5,097,000,000","379,500,000.00","81,257,239",0.49
Turkmenistan,TM,Ashgabat,37 57 N,58 23 E,"$18,200",1,"21,180,000,000","15,090,000,000",0,"4,001,000.00",100,0,0,0,"244,000","67,790",0,"600,000,000","191,100","160,000","53,780",0,"77,450,000,000","39,310,000,000","38,140,000,000",0,"7,504,000,000,000","100,500,000.00","5,411,012",1.1
Tuvalu,TV,Funafuti,8 31 S,179 13 E,"$3,800",-26.1,"11,800,000",unknown,0,"5,100.00",96,0,0,unknown,0,0,0,0,0,unknown,0,unknown,0,0,0,0,unknown,unknown,"11,147",0.86
Uganda,UG,Kampala,0 19 N,32 33 E,"$2,400",4.4,"3,463,000,000","3,106,000,000","50,000,000","1,020,000.00",19,0,68,12,0,0,0,"2,500,000,000",0,"32,000",0,"31,490",0,0,0,0,"14,160,000,000","4,703,000.00","40,853,749",3.18
Ukraine,UA,Kyiv,50 26 N,30 31 E,"$8,800",3.1,"153,600,000,000","133,200,000,000","77,000,000","57,280,000.00",65,23,8,3,"32,000",413,"4,720","395,000,000","63,670","233,000","1,828","167,000","19,730,000,000","30,920,000,000",0,"12,970,000,000","1,104,000,000,000","238,900,000.00","43,952,299",0.04
United Arab Emirates,AE,Abu Dhabi,24 28 N,54 22 E,"$68,600",1.8,"121,800,000,000","113,200,000,000","1,141,000,000","28,910,000.00",99,0,0,1,"3,216,000","2,552,000",0,"97,800,000,000","943,500","896,000","817,700","392,000","62,010,000,000","74,480,000,000","7,504,000,000","20,220,000,000","6,091,000,000,000","289,400,000.00","9,701,315",1.44
United Kingdom,GB,London,51 30 N,0 05 W,"$44,300",3.4,"318,200,000,000","309,200,000,000","19,700,000,000","97,060,000.00",50,9,2,39,"1,000,000","710,600","907,100","2,069,000,000","1,290,000","1,584,000","613,800","907,500","42,110,000,000","79,170,000,000","11,270,000,000","47,000,000,000","176,000,000,000","424,000,000.00","65,105,246",0.51
United States,US,"Washington, DC",38 53 N,77 02 W,"$59,800",2.3,"4,095,000,000,000","3,902,000,000,000","72,720,000,000","1,087,000,000.00",70,9,7,14,"10,962,000","1,158,000","7,969,000",unknown,"20,300,000","19,960,000","5,218,000","2,175,000","772,800,000,000","767,600,000,000","89,700,000,000","86,150,000,000",0,"5,242,000,000.00","329,256,465",0.8
Uruguay,UY,Montevideo,34 51 S,56 10 W,"$22,400",-3.6,"13,130,000,000","10,770,000,000","24,000,000","4,808,000.00",29,0,29,42,0,0,"40,200",0,"42,220","53,000",0,"9,591",0,"70,790,000",0,"70,790,000",0,"7,554,000.00","3,369,299",0.27
Uzbekistan,UZ,Tashkent,41 19 N,69 15 E,"$6,900",4.5,"55,550,000,000","49,070,000,000","10,840,000,000","12,960,000.00",86,0,14,0,"41,000","27,000",420,"594,000,000","61,740","60,000","3,977",0,"52,100,000,000","43,070,000,000","9,401,000,000",0,"1,841,000,000,000","95,580,000.00","30,023,709",0.91
Vanuatu,VU,Port-Vila,17 44 S,168 19 E,"$2,700",4.5,"63,000,000","58,590,000",0,"37,000.00",71,0,0,29,0,0,0,0,0,"1,100",0,"1,073",0,0,0,0,0,"164,800.00","288,037",1.81
Venezuela,VE,Caracas,10 29 N,66 52 W,"$12,500",-2,"109,300,000,000","71,960,000,000",0,"31,000,000.00",51,0,49,0,"1,484,000","1,656,000",0,"302,300,000,000","926,300","659,000","325,800","20,640","27,070,000,000","24,210,000,000",0,0,"5,739,000,000,000","129,900,000.00","31,689,176",1.21
Vietnam,VN,Hanoi,21 02 N,105 51 E,"$6,900",8,"158,200,000,000","143,200,000,000","2,733,000,000","40,770,000.00",56,0,43,1,"242,000","324,600",0,"4,400,000,000","153,800","438,000","25,620","282,800","8,098,000,000","8,098,000,000",0,0,"699,400,000,000","235,300,000.00","97,040,334",0.9
Western Sahara,EH,Laayoune,27 09 N,13 12 W,"$2,500",unknown,0,0,0,"58,000.00",100,0,0,0,0,0,0,0,0,"1,700",0,"1,702",0,0,0,0,0,"268,400.00","619,551",2.64
Yemen,YE,Sanaa,15 21 N,44 12 E,"$2,500",8.9,"4,784,000,000","3,681,000,000",0,"1,819,000.00",79,0,0,21,"61,000","8,990",0,"3,000,000,000","20,180","104,000","12,670","75,940","481,400,000","481,400,000",0,0,"478,500,000,000","13,680,000.00","28,667,230",2.17
Zambia,ZM,Lusaka,15 25 S,28 17 E,"$4,000",4.7,"11,550,000,000","11,040,000,000","2,185,000,000","2,573,000.00",5,0,93,2,0,0,"12,860",0,"13,120","23,000",371,"10,150",0,0,0,0,0,"3,777,000.00","16,445,079",2.91
Zimbabwe,ZW,Harare,17 49 S,31 02 E,"$2,300",0.3,"6,800,000,000","7,118,000,000","2,220,000,000","2,122,000.00",58,0,37,5,0,0,0,0,0,"27,000",0,"26,400",0,0,0,0,0,"12,060,000.00","14,030,368",1.68
